,Sacubitril-valsartan,Enalapril
Mean,24.723986938780833,25.48778051660066
Std,8.756087220315393,8.974260135263126
Median,24.253478511720267,24.46897126197418
